<?xml version="1.0" encoding="UTF-8"?>
<mule xmlns:sap="http://www.mulesoft.org/schema/mule/sap" xmlns:validation="http://www.mulesoft.org/schema/mule/validation"
	xmlns:wmq="http://www.mulesoft.org/schema/mule/ee/wmq"
	xmlns:metadata="http://www.mulesoft.org/schema/mule/metadata" xmlns:scripting="http://www.mulesoft.org/schema/mule/scripting"
	xmlns:dw="http://www.mulesoft.org/schema/mule/ee/dw" xmlns:context="http://www.springframework.org/schema/context"
	xmlns:tracking="http://www.mulesoft.org/schema/mule/ee/tracking"
	xmlns:doc="http://www.mulesoft.org/schema/mule/documentation" xmlns="http://www.mulesoft.org/schema/mule/core"
	xmlns:core-ee="http://www.mulesoft.org/schema/mule/ee/core" xmlns:xsi="http://www.w3.org/2001/XMLSchema-instance"
	xmlns:spring="http://www.springframework.org/schema/beans" xmlns:http="http://www.mulesoft.org/schema/mule/http"
	xmlns:jms="http://www.mulesoft.org/schema/mule/jms"
	xmlns:jms-ee="http://www.mulesoft.org/schema/mule/ee/jms" xmlns:vm="http://www.mulesoft.org/schema/mule/vm"
	xmlns:file="http://www.mulesoft.org/schema/mule/file" xmlns:ftp-ee="http://www.mulesoft.org/schema/mule/ee/ftp"
	xmlns:db="http://www.mulesoft.org/schema/mule/db" xmlns:mule-xml="http://www.mulesoft.org/schema/mule/xml"
	xmlns:jersey="http://www.mulesoft.org/schema/mule/jersey" xmlns:json="http://www.mulesoft.org/schema/mule/json"
	xmlns:ws="http://www.mulesoft.org/schema/mule/ws"
	xsi:schemaLocation="http://www.mulesoft.org/schema/mule/validation http://www.mulesoft.org/schema/mule/validation/current/mule-validation.xsd
http://www.mulesoft.org/schema/mule/ee/wmq http://www.mulesoft.org/schema/mule/ee/wmq/current/mule-wmq-ee.xsd
http://www.springframework.org/schema/context http://www.springframework.org/schema/context/spring-context-current.xsd
http://www.springframework.org/schema/beans http://www.springframework.org/schema/beans/spring-beans-3.0.xsd
http://www.mulesoft.org/schema/mule/core http://www.mulesoft.org/schema/mule/core/current/mule.xsd
http://www.mulesoft.org/schema/mule/ee/core http://www.mulesoft.org/schema/mule/core/current/mule-ee.xsd
http://www.mulesoft.org/schema/mule/http http://www.mulesoft.org/schema/mule/http/current/mule-http.xsd
http://www.mulesoft.org/schema/mule/jms http://www.mulesoft.org/schema/mule/jms/current/mule-jms.xsd
http://www.mulesoft.org/schema/mule/ee/jms http://www.mulesoft.org/schema/mule/ee/jms/current/mule-jms-ee.xsd
http://www.mulesoft.org/schema/mule/vm http://www.mulesoft.org/schema/mule/vm/current/mule-vm.xsd
http://www.mulesoft.org/schema/mule/file http://www.mulesoft.org/schema/mule/file/current/mule-file.xsd
http://www.mulesoft.org/schema/mule/ftp http://www.mulesoft.org/schema/mule/ftp/current/mule-ftp.xsd
http://www.mulesoft.org/schema/mule/ee/ftp http://www.mulesoft.org/schema/mule/ee/ftp/current/mule-ftp-ee.xsd
http://www.mulesoft.org/schema/mule/db http://www.mulesoft.org/schema/mule/db/current/mule-db.xsd
http://www.mulesoft.org/schema/mule/xml http://www.mulesoft.org/schema/mule/xml/current/mule-xml.xsd
http://www.mulesoft.org/schema/mule/jersey http://www.mulesoft.org/schema/mule/jersey/current/mule-jersey.xsd
http://www.mulesoft.org/schema/mule/json http://www.mulesoft.org/schema/mule/json/current/mule-json.xsd
http://www.mulesoft.org/schema/mule/ws http://www.mulesoft.org/schema/mule/ws/current/mule-ws.xsd
http://www.mulesoft.org/schema/mule/ee/tracking http://www.mulesoft.org/schema/mule/ee/tracking/current/mule-tracking-ee.xsd
http://www.mulesoft.org/schema/mule/ee/dw http://www.mulesoft.org/schema/mule/ee/dw/current/dw.xsd
http://www.mulesoft.org/schema/mule/scripting http://www.mulesoft.org/schema/mule/scripting/current/mule-scripting.xsd
http://www.mulesoft.org/schema/mule/sap http://www.mulesoft.org/schema/mule/sap/current/mule-sap.xsd">

<flow name="instrumentDrcFlow" processingStrategy="synchronous">
	 <file:inbound-endpoint path="${file.input.drc}"  connector-ref="instrumentFile" 
	        fileAge="10000" responseTimeout="10000" 
	        doc:name="File" metadata:id="3ff61a6d-7248-42d8-bd45-e1fae34538e1" pollingFrequency="${polling.frequency}" moveToDirectory="${file.archive.drc}">
	</file:inbound-endpoint>
        <flow-ref name="instrumentVariablesFlow" doc:name="Flow Reference : instrumentVariablesFlow"/>
    <foreach collection="#[StringUtils.split(message.payload, '\n\r')]" doc:name="For Each">
            <flow-ref name="instrumentTransformFlow" doc:name="Flow Reference : instrumentTransformFlow"/>
            <file:outbound-endpoint responseTimeout="10000" doc:name="File" connector-ref="instrumentFile" outputPattern="#[flowVars.fileName + &quot;_&quot; + flowVars.messageId].txt" path="${file.output.drc}"/>
    </foreach>
</flow>

<flow name="instrumentDrcicpmsFlow" processingStrategy="synchronous">
	 <file:inbound-endpoint path="${file.input.drcicpms}"  connector-ref="instrumentFile" 
	        fileAge="10000" responseTimeout="10000" 
	        doc:name="File" metadata:id="3ff61a6d-7248-42d8-bd45-e1fae34538e1" pollingFrequency="${polling.frequency}" moveToDirectory="${file.archive.drcicpms}">
	</file:inbound-endpoint>
        <flow-ref name="instrumentVariablesFlow" doc:name="Flow Reference : instrumentVariablesFlow"/>
    <foreach collection="#[StringUtils.split(message.payload, '\n\r')]" doc:name="For Each">
            <flow-ref name="instrumentTransformFlow" doc:name="Flow Reference : instrumentTransformFlow"/>
            <file:outbound-endpoint responseTimeout="10000" doc:name="File" connector-ref="instrumentFile" outputPattern="#[flowVars.fileName + &quot;_&quot; + flowVars.messageId].txt" path="${file.output.drcicpms}"/>
    </foreach>
</flow>

<flow name="instrumentIcpmsFlow" processingStrategy="synchronous">
	 <file:inbound-endpoint path="${file.input.icpms}"  connector-ref="instrumentFile" 
	        fileAge="10000" responseTimeout="10000" 
	        doc:name="File" metadata:id="3ff61a6d-7248-42d8-bd45-e1fae34538e1" pollingFrequency="${polling.frequency}" moveToDirectory="${file.archive.icpms}">
	</file:inbound-endpoint>
        <flow-ref name="instrumentVariablesFlow" doc:name="Flow Reference : instrumentVariablesFlow"/>
    <foreach collection="#[StringUtils.split(message.payload, '\n\r')]" doc:name="For Each">
            <flow-ref name="instrumentTransformFlow" doc:name="Flow Reference : instrumentTransformFlow"/>
            <file:outbound-endpoint responseTimeout="10000" doc:name="File" connector-ref="instrumentFile" outputPattern="#[flowVars.fileName + &quot;_&quot; + flowVars.messageId].txt" path="${file.output.icpms}"/>
    </foreach>
</flow>


    <sub-flow name="instrumentVariablesFlow">
        <set-variable variableName="messageId" value="#[java.util.UUID.randomUUID().toString()]" doc:name="Variable:messageId"/>
        <set-variable variableName="fileName" value="#[message.inboundProperties.originalFilename]" doc:name="Variable:fileName"/>
        <set-variable variableName="sampleId" value="" doc:name="Variable:sampleId"/>
        <object-to-string-transformer doc:name="Object to String"/>
    </sub-flow>
    <sub-flow name="instrumentTransformFlow">
        <logger message=" #[flowVars.messageId]  Line - #[payload]" level="INFO" doc:name="Logger"/>
        <scripting:component doc:name="Groovy">
            <scripting:script engine="Groovy" file="src/main/resources/groovy/sampleID.groovy"></scripting:script>
        </scripting:component>
        <expression-filter expression="#[payload != null]" doc:name="Expression"/>
        <dw:transform-message doc:name="Transform Message" metadata:id="0d3f8d0b-9995-4adc-9ba4-1d7238ac979f">
            <dw:input-payload doc:sample="examples/DRC_input_with_headers.txt" mimeType="application/csv">
                <dw:reader-property name="streaming" value="true"/>
                <dw:reader-property name="ignoreEmptyLine" value="false"/>
                <dw:reader-property name="header" value="false"/>
            </dw:input-payload>
            <dw:set-payload resource="classpath:dwl/transformCsv.dwl"/>
        </dw:transform-message>
        <dw:transform-message doc:name="Transform Message" metadata:id="1e452fdc-cc42-4e2a-a4d5-fcacee189877">
            <dw:input-payload doc:sample="sample_data/list_csv_3.csv"/>
            <dw:set-payload resource="classpath:dwl/finalTransform.dwl"/>
        </dw:transform-message>
    </sub-flow>




 
</mule>