[
  {
    "Sample ID:": "Li",
    "688864": "7",
    "column_2": "1882.100",
    "column_3": "46.878",
    "column_4": "2.491",
    "column_5": "1882.100",
    "column_6": "",
    "column_7": "",
    "column_8": "ppb"
  },
  {
    "Sample ID:": "B",
    "688864": "11",
    "column_2": "138.572",
    "column_3": "15.908",
    "column_4": "11.480",
    "column_5": "0.061",
    "column_6": "0.105449",
    "column_7": "15.202",
    "column_8": "ppb"
  },
  {
    "Sample ID:": "Na",
    "688864": "23",
    "column_2": "273.814",
    "column_3": "9.295",
    "column_4": "3.395",
    "column_5": "0.001",
    "column_6": "0.027911",
    "column_7": "3.438",
    "column_8": "ppb"
  },
  {
    "Sample ID:": "Mg",
    "688864": "24",
    "column_2": "35.238",
    "column_3": "5.017",
    "column_4": "14.237",
    "column_5": "0.000",
    "column_6": "0.002353",
    "column_7": "37.092",
    "column_8": "ppb"
  },
  {
    "Sample ID:": "Ti",
    "688864": "50",
    "column_2": "290.957",
    "column_3": "25.248",
    "column_4": "8.678",
    "column_5": "0.000",
    "column_6": "0.031683",
    "column_7": "57.063",
    "column_8": "ppb"
  },
  {
    "Sample ID:": "Cr",
    "688864": "53",
    "column_2": "77.619",
    "column_3": "15.929",
    "column_4": "20.522",
    "column_5": "0.000",
    "column_6": "0.015802",
    "column_7": "70.960",
    "column_8": "ppb"
  },
  {
    "Sample ID:": "Ni",
    "688864": "60",
    "column_2": "150.954",
    "column_3": "13.727",
    "column_4": "9.094",
    "column_5": "0.000",
    "column_6": "0.040534",
    "column_7": "11.337",
    "column_8": "ppb"
  },
  {
    "Sample ID:": "Cu",
    "688864": "63",
    "column_2": "89.524",
    "column_3": "10.530",
    "column_4": "11.762",
    "column_5": "0.000",
    "column_6": "0.011059",
    "column_7": "14.214",
    "column_8": "ppb"
  },
  {
    "Sample ID:": "Zn",
    "688864": "64",
    "column_2": "53.720",
    "column_3": "18.626",
    "column_4": "34.672",
    "column_5": "0.000",
    "column_6": "0.007377",
    "column_7": "95.135",
    "column_8": "ppb"
  },
  {
    "Sample ID:": "Zr",
    "688864": "90",
    "column_2": "18.571",
    "column_3": "5.151",
    "column_4": "27.735",
    "column_5": "0.000",
    "column_6": "0.000050",
    "column_7": "701.848",
    "column_8": "ppb"
  },
  {
    "Sample ID:": "Nb",
    "688864": "93",
    "column_2": "22.381",
    "column_3": "4.592",
    "column_4": "20.518",
    "column_5": "0.000",
    "column_6": "0.000524",
    "column_7": "35.361",
    "column_8": "ppb"
  },
  {
    "Sample ID:": "Mo",
    "688864": "98",
    "column_2": "24.520",
    "column_3": "3.664",
    "column_4": "14.943",
    "column_5": "0.000",
    "column_6": "0.002027",
    "column_7": "28.113",
    "column_8": "ppb"
  },
  {
    "Sample ID:": "Ag",
    "688864": "107",
    "column_2": "33.810",
    "column_3": "3.299",
    "column_4": "9.758",
    "column_5": "0.000",
    "column_6": "0.001652",
    "column_7": "14.545",
    "column_8": "ppb"
  },
  {
    "Sample ID:": "Cd",
    "688864": "114",
    "column_2": "19.950",
    "column_3": "3.768",
    "column_4": "18.889",
    "column_5": "0.000",
    "column_6": "0.000441",
    "column_7": "134.787",
    "column_8": "ppb"
  },
  {
    "Sample ID:": "In",
    "688864": "115",
    "column_2": "362056.608",
    "column_3": "1608.559",
    "column_4": "0.444",
    "column_5": "362056.608",
    "column_6": "",
    "column_7": "",
    "column_8": "ppb"
  },
  {
    "Sample ID:": "Sb",
    "688864": "121",
    "column_2": "11.905",
    "column_3": "7.868",
    "column_4": "66.091",
    "column_5": "-0.000",
    "column_6": "-0.000019",
    "column_7": "5310.340",
    "column_8": "ppb"
  },
  {
    "Sample ID:": "Nd",
    "688864": "142",
    "column_2": "8.327",
    "column_3": "3.038",
    "column_4": "36.481",
    "column_5": "-0.000",
    "column_6": "-0.000425",
    "column_7": "71.117",
    "column_8": "ppb"
  },
  {
    "Sample ID:": "Ta",
    "688864": "181",
    "column_2": "15.714",
    "column_3": "5.151",
    "column_4": "32.778",
    "column_5": "0.000",
    "column_6": "0.000256",
    "column_7": "61.026",
    "column_8": "ppb"
  },
  {
    "Sample ID:": "W",
    "688864": "184",
    "column_2": "47.065",
    "column_3": "1.435",
    "column_4": "3.049",
    "column_5": "0.000",
    "column_6": "0.003889",
    "column_7": "4.103",
    "column_8": "ppb"
  },
  {
    "Sample ID:": "Au",
    "688864": "197",
    "column_2": "10.952",
    "column_3": "7.190",
    "column_4": "65.651",
    "column_5": "0.000",
    "column_6": "0.000108",
    "column_7": "869.516",
    "column_8": "ppb"
  },
  {
    "Sample ID:": "Hg",
    "688864": "202",
    "column_2": "364.769",
    "column_3": "15.737",
    "column_4": "4.314",
    "column_5": "0.001",
    "column_6": "0.136231",
    "column_7": "4.432",
    "column_8": "ppb"
  },
  {
    "Sample ID:": "Pb",
    "688864": "208",
    "column_2": "15.238",
    "column_3": "1.650",
    "column_4": "10.825",
    "column_5": "0.000",
    "column_6": "0.000454",
    "column_7": "21.044",
    "column_8": "ppb"
  },
  {
    "Sample ID:": "Bi",
    "688864": "209",
    "column_2": "12.381",
    "column_3": "2.974",
    "column_4": "24.019",
    "column_5": "0.000",
    "column_6": "0.000258",
    "column_7": "42.303",
    "column_8": "ppb"
  },
  {
    "Sample ID:": "Al",
    "688864": "27",
    "column_2": "160.478",
    "column_3": "2.182",
    "column_4": "1.360",
    "column_5": "0.000",
    "column_6": "0.016513",
    "column_7": "3.344",
    "column_8": "ppb"
  },
  {
    "Sample ID:": "K",
    "688864": "39",
    "column_2": "547.159",
    "column_3": "25.114",
    "column_4": "4.590",
    "column_5": "0.001",
    "column_6": "0.013322",
    "column_7": "11.261",
    "column_8": "ppb"
  },
  {
    "Sample ID:": "Ca",
    "688864": "40",
    "column_2": "841.944",
    "column_3": "15.142",
    "column_4": "1.799",
    "column_5": "0.001",
    "column_6": "0.027088",
    "column_7": "2.546",
    "column_8": "ppb"
  },
  {
    "Sample ID:": "Ti",
    "688864": "48",
    "column_2": "55.238",
    "column_3": "2.974",
    "column_4": "5.384",
    "column_5": "0.000",
    "column_6": "0.003703",
    "column_7": "7.798",
    "column_8": "ppb"
  },
  {
    "Sample ID:": "V",
    "688864": "51",
    "column_2": "20.952",
    "column_3": "7.868",
    "column_4": "37.552",
    "column_5": "0.000",
    "column_6": "0.000246",
    "column_7": "167.460",
    "column_8": "ppb"
  },
  {
    "Sample ID:": "Cr",
    "688864": "52",
    "column_2": "224.765",
    "column_3": "2.974",
    "column_4": "1.323",
    "column_5": "0.000",
    "column_6": "0.010539",
    "column_7": "0.882",
    "column_8": "ppb"
  },
  {
    "Sample ID:": "Mn",
    "688864": "55",
    "column_2": "91.905",
    "column_3": "20.017",
    "column_4": "21.780",
    "column_5": "0.000",
    "column_6": "0.001043",
    "column_7": "46.889",
    "column_8": "ppb"
  },
  {
    "Sample ID:": "Fe",
    "688864": "56",
    "column_2": "1404.394",
    "column_3": "6.228",
    "column_4": "0.443",
    "column_5": "0.002",
    "column_6": "0.028701",
    "column_7": "1.889",
    "column_8": "ppb"
  },
  {
    "Sample ID:": "Co",
    "688864": "59",
    "column_2": "27.619",
    "column_3": "5.948",
    "column_4": "21.535",
    "column_5": "0.000",
    "column_6": "0.000624",
    "column_7": "34.998",
    "column_8": "ppb"
  }
]